company,budget,gross
Warner Bros.,16593700000,21322318408
Universal Pictures,13832130001,19430051320
Paramount Pictures,11656600000,17115702495
Twentieth Century Fox Film Corporation,9859100000,14788570587
Walt Disney Pictures,7561200000,10455507123
Columbia Pictures,7251900000,8824216545
New Line Cinema,5329700000,8540112287
Columbia Pictures Corporation,6169807000,7720114061
Touchstone Pictures,3952200000,6688156475
DreamWorks,3880200000,5458121021
DreamWorks Animation,3137000000,4143974397
Metro-Goldwyn-Mayer (MGM),3002750000,3384812932
Pixar Animation Studios,1561000000,3242024778
Fox 2000 Pictures,2230500000,3113861473
TriStar Pictures,1612500000,2967117827
Marvel Studios,1425000000,2671642781
Lucasfilm,811000000,2653975002
Summit Entertainment,1713769000,2489806367
Dimension Films,1387200000,2111898192
Miramax,1457540000,1831170299
Revolution Studios,1506795000,1821243533
Castle Rock Entertainment,1641500000,1771291469
Screen Gems,978100000,1752620658
Hollywood Pictures,932280000,1717155703
Lionsgate,1119100000,1513741328
Walt Disney Animation Studios,1130000000,1356016527
Regency Enterprises,1237000000,1299654769
Fox Searchlight Pictures,446600000,1181027556
Color Force,430000000,1107531459
Alcon Entertainment,863000000,1051174725
Twentieth Century Fox Animation,637000000,1032959675
Focus Features,659500000,974935616
EuropaCorp,679000000,857885155
Imagine Entertainment,573000000,857085821
Carolco Pictures,546500000,799442084
Orion Pictures,405500000,791626826
The Weinstein Company,573300000,772906664
Eon Productions,542000000,748420320
Morgan Creek Productions,741200000,743455410
United Artists,418300000,714588076
Relativity Media,421900000,597558618
Millennium Films,684000000,464611368
Atlas Entertainment,340000000,452424953
FortyFour Studios,345000000,446335992
Caravan Pictures,410500000,440378707
Polygram Filmed Entertainment,306000000,420956960
Gary Sanchez Productions,222000000,418621757
Roth Films,350000000,396742759
Hughes Entertainment,67000000,390798720
Walt Disney Feature Animation,491000000,385822429
1492 Pictures,260000000,380782899
Blue Sky Studios,285000000,379914290
Amblin Entertainment,229000000,377844836
Icon Productions,56000000,371537682
Fairview Entertainment,175000000,364001123
Twisted Pictures,74300000,360845388
Spyglass Entertainment,250000000,357037686
Gold Circle Films,70500000,348658420
Davis Entertainment,334030000,348148596
Icon Entertainment International,342600000,344237169
Illumination Entertainment,74000000,336045770
Lakeshore Entertainment,313000000,332155507
"Tyler Perry Company, The",53000000,322971313
Chernin Entertainment,323000000,317695000
Lions Gate Films,207950000,309424520
StudioCanal,269000000,304252091
CBS Films,235000000,302032850
Temple Hill Entertainment,55000000,299334844
Jerry Bruckheimer Films,225000000,295877790
Interscope Communications,61000000,294703625
Warner Bros. Pictures,330000000,280279415
Working Title Films,225000000,278182809
Dentsu,75000000,271094172
Rogue Pictures,137000000,270228485
PolyGram Filmed Entertainment,118688000,267182224
Village Roadshow Pictures,250000000,262098941
Marvel Entertainment,170000000,259766572
Brownstone Productions (II),46000000,249297323
Heyday Films,200000000,246583554
Imagine Films Entertainment,149000000,240411836
Allison Shearmur Productions,115000000,239713732
Mandalay Entertainment,222000000,237362405
Paramount Vantage,151250000,234014178
3 Arts Entertainment,145500000,227981117
Constantin Film,292000000,227912213
Aardman Animations,224000000,227611133
Golden Harvest Company,60400000,224110408
Canal+,101000000,214155259
Beacon Communications,180000000,212404317
Robert Simonds Productions,43000000,211333525
Eddie Murphy Productions,89000000,208768906
Good Universe,83000000,207611808
Walt Disney Feature Animation Florida,218000000,205956531
Mace Neufeld Productions,107000000,205475080
Tig Productions,117000000,204873581
Blinding Edge Pictures,14000000,203347690
Marvel Enterprises,278000000,203285814
Mandeville Films,165000000,200663896
B24,245000000,200074175
Cross Creek Pictures,169500000,196859322
Disney Television Animation,93000000,196685219
Franchise Pictures,526550000,196334081
Geffen Pictures,102000000,189079273
Scott Rudin Productions,119000000,185641926
BenderSpink,117500000,185536771
Largo Entertainment,131000000,185346460
All Girl Productions,67000000,184572157
FilmDistrict,115750000,178345802
Rimfire Films,8800000,174635000
Levantine Films,25000000,169380936
De Laurentiis Entertainment Group (DEG),156100000,168579097
Amercent Films,68000000,168013066
Green Hat Films,115000000,166931937
LivePlanet,50000000,165683095
Jack Giarraputo Productions,34200000,163479795
Paramount Animation,74000000,162994032
Captivate Entertainment,120000000,162434410
Hemdale,19600000,161790667
Danjaq,167000000,161610699
Cinergi Pictures Entertainment,275000000,159827916
New Regency Pictures,157000000,159232140
American Zoetrope,138000000,158432462
Gaumont,332000000,155983762
Walden Media,164000000,154571084
Endgame Entertainment,172000000,154463768
Film 44,52000000,151958051
Permut Presentations,121000000,150427564
C-2 Pictures,200000000,150371112
Broadway Pictures,75000000,149603482
Exclusive Media Group,70200000,149294751
Don Simpson/Jerry Bruckheimer Films,79000000,148477757
Matten Productions,33000000,148095302
Dark Castle Entertainment,67000000,146128730
Alliance Films,23000000,146004566
See-Saw Films,38500000,144135094
China Film Co.,145000000,143528619
Turner Pictures (I),89500000,143052175
40 Acres & A Mule Filmworks,121675000,141803464
Haxan Films,60000,140539099
American Entertainment Partners II L.P.,34000000,140185017
Phoenix Pictures,223000000,139129632
Annapurna Pictures,76000000,138695808
Be Gentlemen Limited Partnership,10000000,138433435
Constellation Entertainment,153000000,138148217
Gramercy Pictures (I),84900000,138004156
Centropolis Film Productions,130000000,136314294
Peters Entertainment,191500000,136100022
888 Productions,13500000,135265915
Cube Vision,25000000,134938200
Aggregate Films,35000000,134746987
GK Films,303000000,132112346
Capella International,135000000,130883316
Strong Heart/Demme Production,19000000,130742922
Buena Vista Pictures,18000000,130724172
Hawn / Sylbert Movie Company,0,130535101
Open Road Films (II),119000000,130453791
Amblin Partners,90000000,130041959
BBC Films,84900000,129942358
LStar Capital,47000000,129642393
Four by Two,18000000,128505958
Asia Union Film & Entertainment Ltd.,17000000,128078872
Lucamar Productions,50000000,128002372
Baltimore Pictures,145000000,127304396
Rastar Pictures,50000000,126276265
Path�,85000000,125598249
"Halcyon Company, The",200000000,125322469
Flashlight Films,60000000,125070033
Red Granite Pictures,110000000,124315228
"Bedford Falls Company, The",48000000,124115725
Fox Atomic,137000000,124002073
DiNovi Pictures,85000000,123919503
Kasdan Pictures,25000000,121945720
The Mark Gordon Company,30000000,121248145
Bluegrass Films,155000000,119177804
Ixtlan,59000000,118852066
"Geffen Company, The",40000000,118525571
Follow Through Productions,30000000,116632095
Lorimar Film Entertainment,41500000,114807988
Iron Horse Entertainment (II),7000000,113721571
STX Entertainment,20000000,113257297
Bold Films,56000000,112970533
Gladden Entertainment,59000000,112548238
Bullwinkle Studios,145000000,111506430
Legendary Entertainment,180000000,111155135
Alcor Films,94500000,110892705
Gulfstream Pictures,82000000,110546151
Northern Lights Entertainment,145000000,110424980
Casual Friday Productions,26000000,110230332
Bel Air Entertainment,154000000,109989485
Forward Pass,180000000,109705952
Artisan Entertainment,119750000,109684961
Broadway Video,100000000,109136804
Solana Films,15000,107918810
Gordon Company,17000000,107679272
"Zanuck Company, The",7500000,106593296
Path� Entertainment,54500000,106063003
Lynda Obst Productions,50000000,105813373
Blumhouse Productions,22300000,104809330
Touchwood Pacific Partners 1,55000000,103315261
Dickhouse Productions,15000000,102003019
Donner/Shuler-Donner Productions,75000000,101631272
Kopelson Entertainment,100000000,101295562
Brooksfilms,80700000,100645832
Lava Bear Films,47000000,100546139
Cecchi Gori Pictures,33000000,100125643
Strike Entertainment,27800000,100055307
Juno Pix,19900000,99809349
Laika Entertainment,120000000,98860393
Black Bear Pictures,36500000,98764774
Cruise/Wagner Productions,42000000,97300110
Avnet/Kerner Productions,10000000,96362747
Apatow Productions,90000000,95255491
British Broadcasting Corporation (BBC),159000000,93923132
Closest to the Hole Productions,25000000,93617009
Plan B Entertainment,55000000,92040824
Digital Image Associates,45000000,92001027
Cort/Madden Productions,13000000,91057006
Clipsal Films,65000000,90464773
Warner Bros. Family Entertainment,80000000,90463534
Prana Studios,50000000,90288712
Dino De Laurentiis Company,152500000,90161370
Avery Pix,145000000,89228124
Happy Madison Productions,51000000,88981879
Little Stranger,30000000,87044645
Overture Films,70000000,86851398
Marcy Media,65000000,85911262
Oriental Light and Magic (OLM),30000000,85744662
Palace Pictures,14500000,85733659
Carousel Productions (II),50000000,84351197
Amen Ra Films,65000000,82486346
Genre Films,17000000,82390774
Gotham Group,61000000,81670090
Sandollar Productions,45000000,81287236
Allied Filmmakers,69000000,80842529
4 Kids Entertainment,66000000,80573502
Forge,100000000,80487163
It's a Laugh Productions,30000000,79566871
Golan-Globus Productions,58000000,78658734
Columbia Pictures Industries,42000000,78483707
Recorded Picture Company (RPC),173900000,76282754
Mirage Enterprises,51000000,75795669
Waverly Films,35000000,75764672
98 MPH Productions,20000000,75600072
Bron Studios,45500000,75148183
Rysher Entertainment,36100000,74790912
Angry Films,108000000,74256350
Imagi Animation Studios,99000000,73697162
"Film Department, The",50000000,73343413
Mandate Pictures,99000000,72863383
Path� Pictures International,32030000,72777151
RatPac-Dune Entertainment,70000000,72655779
Jersey Films,38500000,71741992
Beijing New Picture Film Co.,170000000,71336099
Not specified,55000000,70464801
John Davis,0,70172621
Entertainment One,48000000,70066271
Lancaster Gate,25000000,69870000
Jonathan Krane Group,102000000,69772969
Chester Films Inc.,65000000,69691949
OddLot Entertainment,170000000,69342859
Price Entertainment,44000000,69293143
RKO Pictures,90000000,68687300
FaithStep Films,3000000,67790117
Coach Carter,30000000,67264877
Cruella Productions,85000000,66957026
Great American Films Limited Partnership,9000000,66401658
Cinema Vehicle Services,0,66308518
Channel Four Films,24200000,66059064
Indian Paintbrush,42000000,66005320
Cinema Line Film Corporation,45000000,65885767
Applied Action,60000000,65867309
K/O Paper Products,90000000,65075540
"Hudlin Brothers, The",7500000,64948470
Good Machine,28650000,64743778
DNA Films,58000000,64590034
Pop Pop Productions,28000000,64378093
CiBy 2000,34000000,62914848
Cheyenne Enterprises,140000000,62811691
MDP Worldwide,112000000,62778087
LD Entertainment,46000000,62238701
Rainforest Films,14000000,61356221
Melampo Cinematografica,20000000,61282552
Pure Flix Productions,2000000,60755732
Mediapro,39000000,60064478
The Family Stone,17000000,60062868
MFF Feature Film Productions,13000000,60020107
FilmColony,24000000,59341420
Total Recall,125000000,58877969
The Mount Company,18500000,58690981
Home Box Office (HBO),39000000,58119585
Cannon Group,53350000,57085206
Rocklin \ Faust,12000000,57017904
United Artists Corporation,35000000,56968902
Craven-Maddalena Films,42000000,56638257
Evolution Entertainment,1200000,56449851
Bob Yari Productions,16500000,56276454
"Jackson/McHenry Company,The",15000000,55597630
Jon Shestack Productions,0,55250026
Motion Picture Corporation of America (MPCA),45000000,54939549
Overbrook Entertainment,65000000,54760791
Participant Media,48000000,54397764
Blueprint Pictures,31000000,54189317
Visiona Romantica,44000000,54117416
Art Linson Productions,25000000,54112932
Kramer & Sigman Films,50100000,53862963
Josephson Entertainment,38000000,53374681
Prototype,750000,53261944
MTV Films,16000000,53119224
Harpo Films,95000000,53078631
Apostle,53000000,52990775
IM Global,109500000,52958052
Palo Vista Productions,11000000,52929168
Sidney Kimmel Entertainment,45000000,52786806
Warner Independent Pictures (WIP),38900000,52429395
Escape Artists,30000000,52421953
Cannon Films,29700000,52343975
Casey Silver Productions,55000000,52075270
Monsterfoot Productions,25000000,51853450
Swanford Films,68000000,51401758
Broken Road Productions,65000000,51237486
Davis Films / Impact Pictures,45000000,51201453
Crowvision Inc.,23000000,50693162
Azoff Entertainment,50000000,50668906
BET Pictures,5500000,50633099
Blue Train Productions,60000000,50547998
R.P. Productions,80000000,50443596
IMF Internationale Medien und Film GmbH & Co. 2. Produktions KG,68000000,50338485
Reel FX Creative Studios,50000000,50151543
Offspring Entertainment,78000000,49979061
Marv Films,37300000,49889984
Curmudgeon Films,30000000,49200230
Voltage Pictures,39500000,49151999
Ghost House Pictures,14000000,49130154
Facilitator Films,13000000,49121934
Astoria Films,44000000,49100000
Samuels Media,25000000,49033882
Black Label Media,40000000,48867885
New World Pictures,10000000,48635478
Blue Tulip Productions,160000000,48608066
Largo International N.V.,33000000,48169908
Mundy Lane Entertainment,40000000,48102795
Di Bonaventura Pictures,67000000,48074375
Grand Slam Productions,40000000,48022900
Gravier Productions,45800000,47940184
Brandywine Productions,75000000,47748610
Amazon Studios,8500000,47695120
Cineplex-Odeon Films,4000000,47639247
Sony Pictures Classics,53600000,47566889
Hostel LLC,4800000,47326473
Konrad Pictures,48000000,47121859
Four Seasons Partnership,40000000,47034272
Silent Hill DCP Inc.,50000000,46982632
Samuel Goldwyn Films,4000000,46643679
Natant,30000000,46357676
Bazmark Films,14500000,46351345
Incentive Filmed Entertainment,63500000,46240981
Island World,5038000,46116837
Redwave Films,3500000,46070041
Victor & Grais,12000000,46044400
Open Road Films,16500000,46023432
Sketch Films,35000000,45802315
Legendary East,150000000,45157105
Asis Productions,25000000,45089048
Alliance,22500000,45032858
Alive Films,18000000,44939181
"Samuel Goldwyn Company, The",23000000,44828966
Bona Fide Productions,40000000,44809054
Studio 37,15000000,44671682
Picturehouse,26500000,44557276
Mayhem Pictures,17000000,44469602
Alebrije Cine y Video,5000000,44467206
Aldamisa Entertainment,76000000,44398140
Vegahom Europe,27000000,44342956
Beco Films,0,44335497
Enticing Entertainment,18000000,43853424
Have No Fear Productions,0,43751706
CD2 Films,85000000,43585753
Police Academy Productions,0,43579163
Silver Screen Partners IV,33000000,43301034
Thunder Road Pictures,20000000,43037835
BZ Entertainment,40000000,43017433
Jay Weston Productions,15000000,42724017
Constantin Film International,65000000,42345531
Bazelevs Production,7200000,42269362
Australian Film Finance Corporation (AFFC),15240000,42199997
Merchant Ivory Productions,34600000,42186701
Ilion Animation Studios,70000000,42086887
Studio Ghibli,109000000,42012593
Perfect World Pictures (Beijing),17000000,41715860
USA Films,21300000,41686791
FGM Entertainment,55000000,41644920
IFC Productions,5500000,41597397
Kings Road Entertainment,1500000,41424266
Cinema City Films,23000000,41292551
Freddie Fields Productions,19000000,40996665
Encino Man Productions,7000000,40693477
Hell's Kitchen Films,13000000,40690102
Abandon Entertainment,35000000,40689393
Malpaso Productions,93000000,40662125
Affirm Films,20000000,40557670
SLM Production Group,15000000,40456565
Goldcrest Films International,31800000,40131977
Outlaw Productions (I),10200000,40126286
Epic Productions,7000000,39948092
Bull's Eye Entertainment,16000000,39868642
Atlantic Entertainment Group,7000000,39860105
Figment Films,50000000,39785027
Arnold Kopelson Productions,14000000,39673161
Rhythm & Hues Studios,28000000,39514713
David Kirschner Productions,118000000,39418556
Klasky-Csupo,25000000,39399750
Stone Group Pictures,32000000,39389031
Havoc,11000000,39387284
L.A. Films,25000000,39246734
Avenue Pictures,44500000,39097844
Award Entertainment,65000000,38966057
Seagal/Nasso Productions,50000000,38590500
American Playhouse,16500000,38577035
H2F Entertainment,175000000,38362475
Last Holiday Productions,45000000,38360195
Wildgaze Films,11000000,38330628
Braveworld Productions,27000000,38311069
Jim Henson Pictures,50000000,38265346
Material,85000000,38082712
Balcor Film Investors,0,38010137
Bob Industries,15000000,37880356
Tim Burton Productions,70000000,37771017
Estudios Picasso,0,37634615
Abraham Productions,69000000,37519139
C.O.R.E. Feature Animation,80000000,37384046
Fuzzy Bunny Films (I),12000000,37191304
Allspark Pictures,14000000,37089525
Louisiana Producers Film Source,0,37019849
Weintraub Entertainment Group,34000000,36859261
Film Andes S.A.,32000000,36733909
Misty Mountains,50000000,36261763
Clinica Estetico,20700000,35876880
Rogue,84000000,35785281
Conundrum Entertainment,0,35424335
Q Productions,20000000,35422828
Boll Kino Beteiligungs GmbH & Co. KG,92000000,35195454
Bill Graham Films,38000000,35183792
First Light Production,100000000,35168966
Lucasfilm Animation,8500000,35161554
Raffaella De Laurentiis Productions,14000000,35112679
Gracie Films,9000000,35041578
Media 8 Entertainment,4500000,34947280
"Cantillon Company, The",35000000,34531832
21 Laps Entertainment,19800000,34290142
Allied Vision,15000000,34122872
Circle Films,29000000,34081912
Renaissance Pictures,16000000,33878502
View Askew Productions,10230000,33802552
Tapestry Films,25000000,33789538
Egg Pictures,31000000,33683817
Fogwood Films,0,33669178
"Jim Henson Company, The",0,33609000
Renaissance Films,25000000,33582769
Forest Whitaker's Significant Productions,7900000,33571949
A24,8500000,33514767
Capcom Entertainment,35000000,33423521
Goodspeed Productions,20000000,33422556
Disruption Entertainment,125000000,33370166
Origin Pictures,11000000,33305037
Claudie Ossard Productions,0,33225499
Babieka,10000000,33078266
Inferno Distribution,0,32619671
Kintop Pictures,0,32543449
Midwinter Productions Inc.,25000000,32383850
Image Organization,5000000,32358908
Delphi Films,0,32324557
Chris Lee Productions,137000000,32131830
Lumiere Pictures,3600000,31968347
Apollo Pictures,0,31930833
Norman Twain Productions,10000000,31906454
Price,0,31753898
Blue Askew,24000000,31457946
Lee Daniels Entertainment,4000000,31252964
Beverly Hills Ninja Productions,0,31235710
Pyramania,140000000,31153464
Double Dare You (DDY),55000000,31056945
Bad Robot,40000000,31011732
Cent Productions Inc.,40000000,30981850
Act III Communications,16000000,30857814
Beijing Film Studio,0,30823628
Plunge Pictures LLC,120000,30610863
Ghoulardi Film Company,57000000,30566951
Universal Pictures International (UPI),33000000,30457263
Film Par Film,0,30236008
Silver Pictures,17000000,30050028
Mosaic Media Group,20000000,30028592
This Is That Productions,29000000,29937959
Arts Council of England,21000000,29905051
Callahan Filmworks,40000000,29807260
Jaffilms,0,29767901
Route One Entertainment,8000000,29467855
Rent Productions LLC,40000000,29077547
Lewitt / Eberts Prouctions,30000000,28927720
Panorama Films,50000000,28848693
Kennedy Miller Productions,80000000,28774166
Trimark Pictures,24900000,28648918
De Haven Productions,6000000,28607524
Cherry Alley Productions,75000000,28535768
Davis-Panzer Productions,55000000,28357530
Enigma Productions,23000000,28070999
John Wells Productions,60000000,28031250
Wild Bunch,41000000,27968268
Pacific Western,49000000,27852252
"Deseo, El",4500000,27783271
Young Hannibal Productions,50000000,27670986
Qwerty Films,29000000,27506539
Capella Films,0,27484464
Island Pictures,3800000,27477310
Cecchi Gori Group Tiger Cinematografica,22000000,27337031
Truth Entertainment (II),5000000,27298285
Crystal Sky Worldwide,12000000,27141959
Cloud Atlas Productions,102000000,27108272
Channel Films,20000000,27053498
Spring Creek Productions,0,27038556
Worldview Entertainment,124500000,27033892
Kaltenbach Pictures,0,26870825
Camelot Pictures,2500000,26782316
JVC Entertainment Networks,24800000,26747862
Golar Productions,60000000,26673242
The Saul Zaentz Company,128000000,26652533
Chockstone Pictures,40000000,26627201
Vision PDG,30500000,26593961
Overnight Films,10500000,26593646
Nickelodeon Movies,13000000,26539321
Sweetland Films,76750000,26498188
Quad Productions,30000000,26447296
Raindog Films,22000000,26396935
LightWorkers Media,100000000,26384681
1984 Private Defense Contractors,28000000,26307600
FilmFour,28000000,26231573
"""DIA"" Productions GmbH & Co. KG",36000000,26183197
Big Beach Films,10000000,26171513
Treehouse Pictures,8000000,26065822
Celador Films,0,26024456
Parts and Labor,3500000,25967905
Newmarket Capital Group,13000000,25944660
Block / Hanson,35000000,25888412
Handprint Entertainment,12000000,25885000
Clavius Base,26000000,25809813
River Road Entertainment,42000000,25647016
Bungalow Productions,21150000,25635682
Lawrence Gordon Productions,0,25587804
Cornelius Productions,19000000,25537221
A&M; Films,17000000,25424274
Bandai Films,11000000,25411386
IAC Films,12000000,25277561
Initial Entertainment Group (IEG),60000000,25228010
American Filmworks,0,25147055
Omnilab Media,70000000,25124986
Lions Gate Family Entertainment,20000000,25077977
Nelvana,0,24877701
Room 9 Entertainment,6500000,24792061
Tomboy Films,3000000,24788807
FAI Films,24000000,24650296
Entertainment Manufacturing Company,50000000,24149632
Imperial Entertainment Corporation,3000000,24078196
De Line Pictures,18000000,23993605
FilmNation Entertainment,55000000,23888298
Fine Line Features,46350000,23761062
Live Entertainment,37200000,23666980
Fries Entertainment,18000000,23660579
Incorporated Television Company (ITC),8999999,23660236
Joseph S. Vecchio Entertainment,35000000,23562716
Emshell Producers,3000000,23509382
DENTSU Music And Entertainment,51900000,23307210
Alliance Atlantis Communications,49025000,23305143
Bates Entertainment,11000000,23293901
Monarch Pictures,30000000,23245840
Dylan Sellers Productions,26000000,23222861
Disneytoon Studios,0,23103423
October Films,60500000,22928932
Astralwerks,13000000,22858926
Prime Film Productions LLC,0,22827153
Hart-Sharp Entertainment,7700000,22792201
Sycamore Pictures,8800000,22647717
Sean Daniel Company,17010000,22641969
Babylon,70000000,22531698
De Fina-Cappa,83000000,22336321
Insurge Pictures,12000000,22331028
Broad Green Pictures,39000000,22294917
Embark Production,0,22257624
Beverly Detroit,19000000,22245861
Crunk Pictures,8000000,22201636
Castelao Producciones,10600000,22163442
Emperor Multimedia Group (EMG),41000000,22108977
White Eagle,24000000,22099847
Two Ton Films,35000000,21784432
Appian Way,130000000,21704394
Arau Films Internacional,2000000,21665500
"Ladd Company, The",15000000,21397954
HBO Films,15000000,21299484
Cliffjack Motion Pictures,55000000,21283440
Bristol Bay Productions,0,21208358
Chartoff-Winkler Productions,40000000,21203260
First Look International,19200000,21188721
Sweet Tea Pictures LLC,0,21160089
Tonic Films,1500000,21158188
Dino de Laurentiis Communications,0,21142815
Tales From The Crypt Holdings,13000000,21088568
Boy of the Year,0,21036771
Myriad Pictures,6000000,21005329
Anonymous Content,37700000,20982956
British Screen Productions,10000000,20976516
South Pacific Pictures,0,20779666
Savoy Pictures,53000000,20737245
Butcher's Run Films,5000000,20733485
Big City Pictures,22000000,20668843
Punch 21 Productions,35000000,20627372
Chicago Pacific Entertainment,50000000,20550712
Yellow Bird,13000000,20373704
Film Office,20000000,20241395
Tornasol Films,2000000,20207453
Medusa Film,3500000,20207097
HandMade Films,22000000,20199710
Open City Films,35000000,20035310
Gruskoff/Levy Company,0,20006730
British Broadcasting Corporation (BBC) Television,70000000,19819494
Jack Rollins & Charles H. Joffe Productions,29000000,19817451
Emmett/Furla/Oasis Films (EFO Films),61350000,19722162
Exodus Film Group,25000000,19528602
Silver Screen Partners III,18000000,19518486
Dualstar Productions,0,19474589
Carolco Entertainment,30000000,19451069
Vanguard Animation,35000000,19447478
Def Pictures,0,19439240
HanWay Films,21500000,19336685
Sovereign Pictures,0,19236092
New Century Entertainment Corporation,5200000,19228505
"Guber-Peters Company, The",20000000,19103511
Hopscotch Features,65000000,19075290
Night and Day Pictures,1500000,19067631
Mediaset Espa�a,45000000,19019882
Zanuck/Brown Productions,17500000,18924919
Hanna-Barbera Productions,13000000,18813160
Out of the Blue... Entertainment,0,18811135
Canal+ Espa�a,15000000,18801549
Lutzus-Brown,5000000,18754371
Nicholas Sparks Productions,0,18709066
Grand Highway Productions,0,18634643
Snoot Entertainment,1000000,18474268
Columbia Pictures Film Production Asia,20000000,18465265
Cinerenta Medienbeteiligungs KG,20000000,18417261
Headline Pictures,11000000,18390117
Mulholland Productions,60000000,18250211
Filmauro,50000000,18162188
Finnegan/Pinchuk Productions,6000000,18111128
Davis-Films,21500000,17948110
Bad Bird Productions,13000000,17883659
Deep River Productions,28000000,17848322
Trancas International Films,5000000,17768757
Cam�ra One,2800000,17756510
X-Filme Creative Pool,30000000,17752558
Saban Entertainment,13000000,17738100
UK Film Council,2000000,17686455
"Morra, Brezner, Steinberg and Tenenbaum Entertainment (MBST)",31000000,17610425
Lone Wolf,67000000,17600000
Zacharias-Buhai Productions,22000000,17550399
Arenas Entertainment,3500000,17504595
Capitol Films,38000000,17402593
Codeblack Entertainment,5000000,17382982
State Street Pictures,0,17378977
Before The Door Pictures,32500000,17358019
Clear Type,0,17355263
Baltimore Spring Creek Productions,0,17334912
Baby Way Productions,4000000,17329486
Cinehaus,20000000,17258026
A Hot Dog,0,17225675
Beijing Skywheel Entertainment Co.,95000000,17223265
Film4,23300000,17222441
Carolco International N.V.,17000000,17185632
Gallery Films,0,17180393
Kudos Film and Television,0,17114882
American Empirical Pictures,9000000,17105219
Cannon Entertainment,15500000,17075256
ABC Productions,0,17000000
Alliance Communications Corporation,9000000,16961856
Westerly Films,3225000,16951772
FTM Productions,29000000,16930185
Lightning Ridge,0,16821273
Serendipity Point Films,43000000,16750691
Scott Free Productions,43500000,16598807
Dollface,13000000,16574731
Cinecom Entertainment Group,20000000,16531441
Ambridge Film Partnership,35000000,16459004
Chestnut Hill Productions,0,16445056
Aamir Khan Productions,13395080,16372943
Nine Yards Two Productions,40000000,16323969
Allan Zeman Productions,14000000,16298046
Lightning Pictures,5200000,16232336
"Australian Film Finance Corporation, The",1000000,16188180
Eden Rock Media,3000000,16124543
Archer Street Productions,18000000,16069445
Chickie the Cop,5000000,16017403
Intrepid Pictures,26000000,16008272
Night Life Inc.,19000000,15918637
Gullane Pictures,19000000,15911333
Lorimar Productions,16000000,15823155
Hurwitz Creative,23000000,15785632
Winkler Films,27000000,15652637
Arcade Pictures,15000000,15634090
Sarlui / Diamant,2000000,15625095
Branti Film Productions,20000000,15618626
Destination Films,26150000,15571824
Vista Organization,10500000,15540775
Red Crown Productions,7000000,15508077
Blueline Productions,0,15448384
Code Entertainment,6000000,15427192
George Films,28000000,15425870
Laurence Mark Productions,20000000,15379253
Fairway Films,0,15331289
Translux,12000000,15322921
Element Pictures,13000000,15322560
Devoted Productions,15000000,15260154
Nova International Films,22000000,15169290
ASIG Productions,18000000,15155772
Halloween VI Productions,5000000,15116634
Am Psycho Productions,7000000,15070285
Iwerks Entertainment,0,15054389
World Wrestling Entertainment (WWE),8000000,15032800
Ladybugs,0,14796494
Avrora Media,37000000,14760418
Dinamo Entertainment,0,14752141
Ferndale Films,0,14743391
All Net Productions,11000000,14708874
Film Workshop,11000000,14681661
Northern Lights Films,2000000,14673301
Black Entertainment Television (BET),7000000,14618727
Flan de Coco Films,8000000,14608359
Cinemarque Entertainment BV,1000000,14564027
Muse Productions,7000000,14534014
Arc Productions,35000000,14522427
Distant Horizon,0,14495390
Dimitri Villard Productions,0,14481231
Epsilon Motion Pictures,33500000,14444650
PalmStar Media,28000000,14434604
Rhombus Media,58000000,14401155
Ang Lee Productions,1400000,14380184
Mystery Clock Cinema,27000000,14378331
Cattleya,12000000,14348123
"Cannon Group, The",4000000,14303485
Hammerhead Productions,90000000,14218868
Mutual Film Company,75000000,14010690
Laurel Entertainment Inc.,3500000,14000000
Stoney Lake Entertainment,16000000,13998282
Cinetel Films,13100000,13975630
Fallingcloud,26000000,13829734
Esparza,22000000,13825794
Burrowes Film Group,0,13687027
Nouvelles �ditions de Films (NEF),0,13652438
Anhelo Producciones,2000000,13622333
Larger Than Life Productions,0,13548764
Gener8Xion Entertainment,20000000,13395961
Huntington Prep,5000000,13350177
21st Century Film Corporation,9200000,13314540
Cottonwood Pictures,32000000,13303319
Seraphim Films,12000000,13293081
Empire Pictures,16900000,13261008
Fuji Television Network,0,13245219
Baumgarten-Prophet Entertainment,49000000,13231220
Addis Wechsler Pictures,11300000,13209367
Hyperion Pictures,14000000,13180101
Showbox Entertainment,35000000,13179644
Cannon International,1100000,13154890
Eclectic Pictures,35000000,13101142
Olmos Productions,16000000,13086430
Electric Entertainment,60000000,13082288
25th Hour Productions,5000000,13060843
David Brown Productions,50000000,13038660
Front Films,3000000,13030057
George Litto Productions,38000000,13019253
Nelson Entertainment,55500000,12997681
Armian Pictures,0,12796277
Cinereach,1800000,12795746
Artimm,7000000,12741891
Henson Associates (HA),25000000,12729917
Bigelow Productions,0,12706478
Stratus Film Co.,13500000,12695926
Vestron Pictures,0,12676922
New Visions,0,12638294
Spectacle Entertainment Group,7000000,12634962
Code Productions,7500000,12614346
Creando Films,0,12589108
Elle Driver,2000000,12555230
Fifth Avenue Entertainment,5000000,12534961
B�rd Scann�n na h�ireann,0,12493162
Filmbox,0,12427046
Fourth Protocol,6000000,12423831
Rhino Films,0,12413650
Zentropa Entertainments,47900000,12303932
Jascat,0,12277096
"American Film Company, The",35000000,12190559
Portman Entertainment Group,10000000,12115757
American Entertainment Investors,30000000,12109431
Intermedia Films,9000000,12029578
Too Askew Prod. Inc.,250000,12006514
Cristaldifilm,5000000,11990401
House Row Productions,16000000,11956207
Path� Renn Productions,8500000,11912362
Sahamongkolfilm Co.,0,11905519
Sunbow Productions,6000000,11808103
Ben-Ami/Leeds Productions,20000000,11784000
Fid�lit� Productions,0,11759324
M & A,0,11738022
Magnum Pictures Inc.,3000000,11642254
Hill/Rosenman,0,11604598
MTM Enterprises,0,11603282
No Frills Film Production,6700000,11520417
Also Known As Pictures,6000000,11494838
High School Sweethearts,16000000,11486880
MK2 Productions,25000000,11482582
Triumph Films,39000000,11462614
Don Bluth,28000000,11444869
Cartoon Network Studios,11000000,11411644
Prominent Features,46630000,11329186
K5 International,7500000,11317976
Etalon Film,18000000,11300653
De Passe Entertainment,0,11299730
Wiedemann & Berg Filmproduktion,2000000,11286112
Amblimation,0,11268750
Regency International Pictures,0,11207891
Calimari Productions,45000000,11203026
Les Films du Losange,8900000,11197142
Cinema Group Ventures,15401376,11178951
Les Films Alain Sarde,35000000,11095805
Film Futures,3000000,11090735
Path� Pictures,20000000,11034436
Elysian Dreams,8500000,10919177
"Movie Group, The",5000000,10918089
Kouf/Bigelow Productions,30000000,10904180
Edward R. Pressman Film,41800000,10892924
Ternion Pictures,8000000,10814185
Dharma Productions,12000000,10808073
TriStar Television,25000000,10769960
Jasmine Productions Inc.,12500000,10748712
Shapiro-Glickenhaus Entertainment,7100000,10739421
Mandalay Pictures,64000000,10730059
DJ Films,10900000,10726630
GGR,12500000,10725228
Big Screen Productions,12600000,10724389
Fear and Loathing LLC,18500000,10680275
Rajkumar Hirani Films,0,10616104
TAFT Entertainment Pictures,0,10489617
Allied Stars Ltd.,50000000,10400000
Block 2 Pictures,48600000,10383289
Arte,0,10359391
L�gende Films,36000000,10351170
Stage 6 Films,10900000,10306063
Olympus Pictures,8200000,10297348
Brothers McMullen Productions,25000,10246600
Keystone Pictures,0,10215386
Carmel Entertainment,100000,10178331
BH Tilt,5000000,10164675
Sony Pictures Entertainment (SPE),35000000,10137502
Rickshaw Productions,8000000,10130219
Blake Edwards,0,10109719
Knock Films A.V.V.,35000000,10076136
Tokuma Shoten,19000000,10055859
Toho Pictures,13000000,10037390
Beckner/Gorman Productions,98000000,10017322
88 Productions,19000000,10005969
Avi Arad & Associates,20000000,10005534
Groundswell Productions,0,10000804
Heron Communications,0,9987061
Cannon Pictures,12000000,9966496
Tristes Tropiques,0,9888167
Haut et Court,0,9875670
Joe Wizan/Todd Black,0,9871065
Paramount Classics,15000000,9771773
Nest Family Entertainment,20000000,9771658
Daiei Studios,0,9771273
Belladonna Productions,9000000,9708578
ABC Motion Pictures,18000000,9697739
Big Dog Films,3000000,9630169
Allarts,0,9475002
Warner Bros. Animation,9500000,9392391
Bavaria Film,35000000,9317026
BBC Scotland,0,9217930
Mandalay Vision,5000000,9203192
Vista Street Entertainment,10000000,9188150
Fade to Black Productions,7000000,9166863
ApolloMedia Distribution,20000000,9109322
Hidden Empire Film Group,900000,9093856
Alphaville Films,15000000,9059588
Hyde Park Entertainment,26000000,8965798
Baldwin/Cohen Productions,28000000,8888143
DD Productions,0,8881481
Ecosse Films,55000000,8859703
i5 Films,3000000,8821782
Ascot Film,0,8669847
26 Films,17000000,8662318
MGM Family Entertainment,0,8620500
Brant-Allen,6000000,8596914
Keep Your Head,30000000,8574339
China Film Co-Production Corporation,35000000,8435250
Play It Inc.,24000000,8427204
3 Miles Apart Productions Ltd.,33000000,8406264
Dark Horse Entertainment,0,8403433
Religioso Primitiva,0,8362969
Videovision Entertainment,35000000,8323085
Red Hour Films,0,8319186
Rastar Productions,25000000,8315975
United Artists Pictures,30000000,8289972
Saturn Films,8000000,8279017
National Broadcasting Company (NBC),0,8253123
Christopher Columbus Productions,40000000,8251071
ContentFilm,3200000,8243880
LightWave Entertainment,12000000,8195551
Duffy Films,0,8141292
Faliro House Productions,3000000,8114627
Killer Films,26000000,8099659
Lumi�re Pictures,3500000,8094616
"Bubble Factory, The",48190000,8070537
WIP,19400000,8060487
Producers Sales Organization (PSO),35000000,8039958
Gotham Entertainment Group,13000000,8026971
Blackbird,3000000,8019691
AR Films,20000000,8008161
Lightstorm Entertainment,42000000,7919000
Atman Entertainment,0,7874000
Playtone,55000000,7873007
Bleecker Street Films,15000000,7857741
British Screen Finance Ltd.,0,7770731
Egoli Tossell Film,0,7761489
Hugo Productions,0,7691700
Infinity Features Entertainment,40000000,7689607
Les Armateurs,9500000,7688638
No Trace Camping,11000000,7620261
O2 Filmes,3300000,7563397
Neue Constantin Film,0,7519993
Dreyfuss / James Productions,0,7514883
Lee Rich Productions,0,7506759
360 Pictures,12000000,7498716
Krisjair,23000000,7434726
Two Flints,0,7425963
Guys Upstairs,1500000,7417210
Thorn EMI Screen Entertainment,16000000,7376356
Buena Vista International,0,7375836
Paragon Arts International,2000000,7369373
Black River Productions,0,7310000
Spacegate Productions,3000000,7282851
Barcelona Films,3200000,7266973
Laurenfilm,700000,7179298
Esta Vivo! Laboratorio de Nuevos Talentos,0,7161284
Playhouse International Pictures,0,7118290
Asghar Farhadi Productions,500000,7098492
Cappa Defina Productions,46000000,7079191
JLT Productions,12000000,7015240
Corn Cobb Productions,900000,6980986
Zucker Brothers Productions,0,6940185
Ironbark Films,25000000,6939946
Filmtown Entertainment,0,6920692
Penta Pictures,0,6887859
Dogstar Films,13000000,6877287
Chicago Pictures,26000000,6877133
Big Talk Productions,35000000,6864016
Ad Hominem Enterprises,0,6857503
micro_scope,6800000,6857096
Andrew Lauren Productions (ALP),2500000,6851969
Mockingbird Pictures,8000000,6847978
Bagdasarian Productions,0,6804312
Omega Entertainment,12500000,6783129
Arka Mediaworks,18026148,6738000
Pt. Merantau Films,5600000,6730926
ShadowCatcher Entertainment,2000000,6719300
CineSon Entertainment,6000000,6670712
Quinta Communications,35000000,6592103
Pelican Productions LLC (I),20000000,6563357
Vinod Chopra Productions,0,6532908
Kingsgate Films,4000000,6532619
DIC Entertainment,24000000,6502623
60/80 Productions,0,6488144
Bregman/Baer Productions,0,6473326
Shangri-La Entertainment,50000000,6471394
Les Productions du Tr�sor,50500000,6462266
Mac and Me Joint Venture,13000000,6424112
Metanoia Films,20000000,6420319
Columbus Circle Films,15000000,6419876
Daybreak Pictures,0,6367780
Ivory Way Productions,25000000,6320276
Brillstein-Grey Entertainment,61000000,6304598
Adventure Pictures,4000000,6295472
Elrina Investment,0,6291444
Longview Entertainment,24000000,6288000
Costa do Castelo Filmes,25000000,6265311
Canal+ Droits Audiovisuels,13000000,6241697
Goldwyn Films,0,6223161
Asymmetrical Productions,10000000,6203044
Penta Films,20000000,6202756
2003 Productions,47000000,6167817
Rumbalara Films,6000000,6165429
Concorde Pictures,2350000,6164683
Cinecorp SAC,5000000,6157157
Danmarks Radio (DR),3800000,6142469
H Is 4 Productions,0,6139048
Jones Entertainment Group,3000000,6101600
CineWild,10000000,6044618
Beech Hill Films,0,5998971
Animat�grafo,0,5971369
NALA Films,16000000,5921013
Paradis Films,0,5882920
Electric City Entertainment,0,5875006
Eikon Film,0,5791328
First Millenium Partnership,0,5777099
Nicolas Entertainment,0,5765562
SenArt Films,500000,5739376
Alameda Films,1800000,5709616
CTB Film Company,20000000,5701643
Indigo Film,0,5693151
Simcom Limited,0,5679046
Bandeira Entertainment,14500000,5623455
NFH Productions,47000000,5600000
NBC Productions,7500000,5596267
"Audiovisual Development Bureau, Ministerio da Cultura",2900000,5595428
Universal City Studios,13000000,5587855
Central Cinema Company Film (CCC),0,5575738
Magnolia Filmproduktion,0,5484715
WMG Pictures,0,5467959
Alexandre Films,0,5435979
Challenge Film Corporation,7000000,5430822
Atchafalaya,3330000,5414619
Altavista Films,2000000,5383834
Reprisal Films,6000000,5359774
Big Indie Pictures,10000000,5348317
Istituto Luce,0,5311177
Lifetime Films,5000000,5300675
Delphi V Productions,8700000,5285515
Lorimar Motion Pictures,0,5272845
42,21500000,5267067
ML Delphi Premier Productions,0,5262047
Ruby Films,14000000,5253457
Bigel / Mailer Films,12000000,5241315
Conquering Unicorn,100000,5228617
Cantaloupe Production,0,5221281
Piki Films,0,5202582
Cineritino S.r.L.,0,5200600
Film i V�st,0,5188972
AITD Productions,20000000,5178569
OLC / Rights Entertainment,25000000,5128124
900 Films,0,5111630
NPV Entertainment,24000000,5108820
Menageatroz,0,5101237
Broken Lizard Industries,8600000,5033747
Amuse,0,5017246
Films A2,28000000,5016763
Liberty Films UK,5000000,5009677
First Sun,0,5005465
PVM Entertainment,25000000,5005000
Thin Man Films,0,4975011
Bioskop Film,0,4960385
Amaretto Films,3300000,4941117
ERA International,0,4935789
19 Entertainment,12000000,4922166
Green Umbrella Ltd.,0,4906900
Scottish Screen,0,4890878
Victoires International,13000000,4857376
Verdi Productions,6000000,4847865
Silver Screen Partners II,0,4842778
Bergen,0,4823217
2929 Productions,90000000,4816936
Dave Bell Associates,0,4803039
Crown International Pictures,0,4781448
Suburban Pictures,800000,4771000
Seasonal Film Corporation,0,4770291
Buena Vista Home Entertainment,24000000,4759557
Atlas Productions,20000000,4752353
Pathe Productions,12000000,4750602
Rastar Films,0,4743287
3Mark Entertainment,7000000,4720371
Aurora Productions LLC,0,4719121
Fuego Films,20000000,4711736
Astute Films,5000000,4700361
Lightyear Entertainment,4000000,4695400
Element Films,6500000,4693919
1992 Number Four Limited Partnership,0,4686937
Partizan Films,6000000,4663809
Rifkin-Eberts,27600000,4647760
Carsey-Werner Company,0,4613815
Haishang Films,15000000,4602512
Alliance Entertainment,0,4579952
Fiction Films,10000000,4573330
Foundry Films,0,4571521
SnowPiercer,39200000,4563650
Paisley Park Films,0,4562778
Baa-Ram-Ewe,0,4560061
Trans World Entertainment (TWE),0,4541583
A.M.A. Film,0,4532791
Doug Liman Productions,200000,4505922
Tribeca Productions,15000000,4485485
Antidote Films (I),0,4461154
MBP (Germany),0,4460426
2.4.7. Films,7300000,4443403
Polaris Film Production & Finance,0,4432981
Filmax Entertainment,0,4430650
Code Red,6000000,4408260
Panorama Film A/S,0,4398938
Fu Works,21000000,4398392
Concorde-New Horizons,0,4374059
A Happy Place,10000000,4356743
Gary Sherman Productions,0,4347648
Pandora Filmproduktion,9000000,4345876
Bellwether Pictures,0,4327763
BFI Film Fund,0,4310720
Manhattan Pictures International,0,4298329
Milkshake Films,10000000,4280577
Admire Productions Ltd.,0,4264509
Sikhya Entertainment,1000000,4231500
El Mar Pictures,0,4221817
Cinelou Films,30000000,4217396
Parakletus,0,4212828
Movie Partners,0,4205000
Abramoff Production,16000000,4192440
Fear of God Films,22500000,4190530
Blow Up Pictures,250000,4186931
Why Not Productions,0,4146086
NDF International,3000000,4109095
Knickerbocker Films,0,4104962
Penta Entertainment,30000000,4096030
C.L.G. Films,0,4076211
Gospel of John Ltd.,0,4068087
Trilogy Entertainment Group,25000000,4064333
RT Features,0,4063238
Eros International,10920000,4062138
Slough Pond,4000000,4059680
Argus Film Produktie,0,4040691
Shocking Bottle,5000000,4040588
Erre Produzioni,0,4032878
Road Movies Filmproduktion,10500000,4020594
RAS,0,3992809
P2 Productions,8000000,3992339
Excel Entertainment,16700000,3980306
CG Cin�ma,6000000,3961797
DEJ Productions,10000000,3960414
Crescent Film Enterprises,0,3960327
Winslow Partners Ltd.,0,3956112
Bac Films,0,3931689
Unison Films,4600000,3918640
IFC Films,2000000,3885134
Cherry Sky Films,250000,3869461
Diablo Entertainment (II),250000,3847290
Movision,18000000,3832436
Opus Film,0,3827060
A Band Apart,9309723,3810135
Brightstar Films,0,3790493
Aboriginal Peoples Television Network,0,3786801
Dolphin Entertainment,10000000,3771397
Davros Films,0,3766879
Odyssey Entertainment,3500000,3735303
"Rank Organisation, The",15000000,3732326
Apaches Entertainment,43000000,3730982
In The Bag Productions,13000000,3721911
Andrea Sperling Productions,2900000,3719117
Vega Film,0,3635164
Home Grown Inc.,0,3603615
Helpern / Meltzer,5000000,3588626
Pelemele Film,0,3587303
Screen Australia,2000000,3560566
Tre V�nner Produktion AB,0,3547388
Renn Productions,33000000,3528312
New Horizons Picture,1000000,3524061
GreeneStreet Films,0,3504875
Red Chillies Entertainment,0,3500000
Les Films S�ville,0,3492754
The Booking Office,0,3487767
Crossroads Films,3500000,3474767
Harmonius Claptrap,8000000,3442820
Transfilm,13000000,3439171
The Ultimate Gift LLC,0,3438735
August Entertainment,6000000,3434998
Pyramide Productions,0,3432342
Brigand Films,0,3417056
ARTE France,0,3402067
Les Productions Vid�ofilms Lt�e,0,3400000
Bing Feng Bao Entertainment,0,3399841
Kulture Machine,8000000,3393161
Good Film Company,0,3376403
F/M,5000000,3369307
Heathrow Productions,16000000,3359465
Franklin Street,0,3351230
Dog Run Pictures,2500000,3325638
Warner Bros. Digital Distribution,6000000,3319109
New World Entertainment Films,4000000,3310544
BIM Distribuzione,0,3306612
Filmation Associates,0,3299382
WingNut Films,8000000,3291758
Stonelock Pictures,4500000,3288164
Little Bear,0,3272600
Cosmo Films,0,3233839
Harvest Filmworks,60000,3216970
Blue Haze Entertainment,13000000,3185812
Aaron Russo Productions,0,3169719
Working Dog,0,3114759
Blue Rider Pictures,1200000,3109904
Corner Producciones,3300000,3107072
Bellboy Films Limited,0,3104545
Tag Entertainment,16000000,3101301
Lost Soul Productions,17000000,3100650
Envision Media Arts,0,3094687
Entcorp Communications,0,3077361
Bandai Visual Company,2000000,3074107
ErgoArts,1800000,3050934
Three Rivers Production,10000000,3041803
Ardican Films,0,3021629
Toy Fight Productions,0,3021345
Modern Man Films,0,2993669
Covert Media,15000000,2982281
3311 Productions,0,2962542
Eleventh Street Production,3300000,2961991
Duplass Brothers Productions,3700000,2929126
Yash Raj Films,7000000,2921738
The UK Film & TV Production Company PLC,3000000,2912363
AMLF,12000000,2906846
Cradle Productions Inc.,32000000,2899970
Double Play,3000000,2835116
Initial Pictures,4000000,2826523
Cinefarm,0,2804642
Arte France Cin�ma,0,2799135
Escalante Productions,17000000,2793214
Camfam Studios,500000,2783970
Number 9 Films,27000000,2778752
David Foster Productions,10000000,2777280
Laughing Kookaburra Productions,0,2765812
Scary Stuff,0,2750741
Bill Kenwright Films,23000000,2708188
Cin� Valse,0,2702392
Exclusive Films,0,2701859
Hunting Lane Films,700000,2694973
Bobby Jones Films LLC,0,2694071
Dreams Salon Entertainment Culture,36000000,2679437
Junebug Movie,1000000,2678691
Santo Domingo Film & Music Video,0,2667163
Ealing Studios,10000000,2661157
Chaos Productions,0,2643689
Oxford Film Company,0,2643346
SBS Productions,45000000,2638233
Fid�lit� Films,0,2627514
Captivity Productions,17000000,2626800
Demarest Films,15000000,2612273
Mayfair Entertainment International,0,2600000
Filmhaus,0,2585639
Parkway Productions,13000000,2570145
BN Films,2000000,2557668
Reteitalia,0,2554476
Scion Films,0,2534351
Roundhouse,0,2520664
Epith�te Films,0,2503829
Propaganda Films,8000000,2502551
Sierra / Affinity,5000000,2450846
Gail Katz Productions,19000000,2436062
Bridgit Folman Film Gang,1500000,2421091
Cine Location Services,20000000,2420917
Geetha Arts,0,2411071
Can I Watch,15000,2408311
Kindred Limited Partnership,0,2407024
Korea Pictures,0,2380788
Corsan,28000000,2376080
Cin�pix Film Properties (CFP),1500000,2375097
Cinema '85,6500000,2347000
Greenleaf Productions,7850000,2341309
Shooting Gallery,1100000,2338364
Porchlight Films,8500000,2329670
Arenafilm,0,2317270
Caroline Productions,0,2317091
Hachette Premi�re,0,2305937
J&M; Entertainment,18000000,2295500
Kasander & Wigman Productions,0,2293037
Belbo Films,0,2292548
Magnolia Pictures,33700000,2283575
Polar Entertainment,6000000,2281761
Filmverlag der Autoren,0,2281569
Googly Films,0,2280348
Cinema VII,0,2278264
Little Tokyo Productions,8000000,2275557
Cine-Source,0,2268181
Planet Productions,2000000,2261698
Evenstar Films,2500000,2259684
Sogepaq,4000000,2232747
Bonded Filmworks,0,2218579
Cheerleader LLC,1200000,2205627
Cannon Screen Entertainment,0,2203910
Filmax International,15000000,2203641
Excelsior Film-TV,0,2201428
Communicado Productions,0,2201126
Quat'sous Films,0,2199675
First Cold Piece,0,2197921
ROMP,0,2197331
Anuline,0,2196534
"Malpaso Company, The",9000000,2181286
Occupant Entertainment,11000000,2158356
North Street Films,0,2156471
Fickle Fish Films,0,2151202
TMS Pictures,0,2147228
Dieter Geissler Filmproduktion,20000000,2147114
Siriol Productions,0,2144238
Next Entertainment World,0,2129768
St�phan Films,0,2122948
EFTI,4000000,2122065
Krasnow Productions,19000000,2119994
Space Rocket Nation,11800000,2111689
Roc-a-fella Films,0,2099719
Les Films du Fleuve,0,2087477
Sixteen Films,0,2087310
Instituto Cubano del Arte e Industrias Cinematogr�ficos (ICAIC),0,2080805
Cadrage,0,2080046
Comedy Central Films,3500000,2068323
Focus Puller Inc.,7000000,2062066
Zenith Entertainment,0,2061624
ETIC Films,12000000,2060953
Fugitive TV Productions,0,2060847
Bergman Lustig Productions,475000,2060589
Per Holst Filmproduktion,0,2053931
Cin�a,0,2048246
Koch Company,0,2043889
Flach Film,0,2043480
Front Street Pictures,3000000,2037545
Cinema Plus,14000000,2034470
TaliaFilm II Productions,0,2015882
Victor Company of Japan (JVC),3500000,2015810
Baby Cow Productions,0,2014922
British Columbia Film,0,2011254
391 Productions,0,2009394
Moho Film,0,2005473
Rajshri Productions,0,2005094
Silver Sphere Corporation,1000000,2003420
Imperial Entertainment,0,2001124
Bad Lt. Productions,1000000,2000022
Sid�ral Productions,0,1999955
THINKFilm,2000000,1985292
Asmik Ace Entertainment,0,1984203
Frenesy Film Company,0,1982505
Marked Entertainment,1700000,1943649
Go Films,780000,1941119
Bleiberg Entertainment,10000000,1939441
KB Erik the Viking,0,1932642
Samson Productions Pty. Ltd.,16000000,1921471
Clear Blue Sky Productions,0,1921350
Les Productions Lazennec,0,1910763
Cine Bazar,0,1908028
Corporation Image M & M,0,1902706
Sil-Metropole Organisation,0,1890247
Informant Media,0,1878950
Esperanto Kino,3000000,1828933
SModcast Pictures,3000000,1821983
Varahonar Company,0,1810145
Mainline Pictures,0,1796389
Constellation,0,1794187
Odyssey,0,1794001
Nimbus Film Productions,1300000,1792889
Fade In Films,8000000,1789892
Hammer & Tongs,0,1784769
IRS Media,1400000,1781802
Lacewood Productions,0,1781694
Alternate Current,0,1777378
Laokoon Filmgroup,0,1777043
India Take One Productions,0,1758780
Marimark Productions,0,1749956
Banner Entertainment,1000000,1744858
Sean S. Cunningham Films,3000000,1738897
Albacore Productions Inc.,0,1733017
First Take,0,1730337
Hydraulx,5000000,1729969
Celluloid Dreams,19600000,1729057
Cineville,700000,1722164
Bona Film Group,40000000,1721524
Detour Filmproduction,123000,1718583
Channel 4,0,1718328
T�l�ma,0,1717891
DC Entertainment,16000000,1710972
Alchemy Filmworks,0,1710693
Memfis Film,0,1708205
New Sky Communications Inc.,4700000,1705139
Compact Yellowbill,0,1672832
Curbside Films,0,1670773
Carthago Films S.a.r.l.,40000000,1641825
Odeon Films,8000000,1641788
Max Films Productions,0,1635022
Zentropa Productions,0,1631306
Colorado Film Production,0,1615118
Nord-Ouest Productions,22000000,1603068
Bollywood Hollywood Production,0,1602466
United Artists Film Corporation,10000000,1587173
Vivendi Entertainment,14700000,1585859
Barry & Enright Productions,0,1584970
Fandango,0,1577639
double A Films,2000000,1568749
Opening Night Productions,0,1561577
DDM Film Corporation,0,1549765
Enchanter Entertainment,25000000,1534569
Green/Renzi,1000000,1523941
Mirage Entertainment,0,1514114
Club d'Investissement M�dia,18000000,1513028
1821 Pictures,25000000,1512815
Kuzui Enterprises,1000000,1501310
Portreeve,0,1500000
Les Films Pell�as,0,1499127
Alicia Produce,0,1490177
Sacher Film,0,1487014
Komplizen Film,0,1478960
Caviar,2000000,1477002
Echo Lake Entertainment,5000000,1474508
Avenue Pictures Productions,0,1464242
Augustus Film,0,1452402
Vision International,0,1448640
Cote Blanche Productions,0,1444618
Boneyard Entertainment,0,1439287
Breton Film Productions,0,1437183
Anchor Bay Films,12000000,1436366
David Blocker Productions,0,1436308
Black Snake,1100000,1436000
Viacom18 Motion Pictures,0,1429534
Goldcrest Pictures,0,1429260
Rudius Films,0,1425993
Entertainment Film Distributors,0,1422749
Granada Television,0,1414017
Pedro Costa Producciones Cinematogr�ficas S.A.,0,1407309
Guild,62000000,1400000
Maven Pictures,0,1378426
Artist Circle Entertainment,0,1373728
Enchantment Films Inc.,4000000,1373196
TMS Entertainment,35000000,1368210
Buckeye Films,200000,1359736
Day Twenty- Eight Films,3300000,1359563
Beofilm,0,1358561
Desert Wolf Productions,0,1358018
Conquest Productions,1100000,1355728
CinemaNX,25800000,1353937
Razor Film Produktion GmbH,0,1347578
Onyx Films,81200000,1339152
Memento Films Production,11000000,1330596
Buffalo Films,1400000,1329249
Paulist Pictures,0,1316495
Artists Public Domain,100000,1316074
Sunset Gower Studios,32000000,1308696
Wildwood Enterprises,8000000,1299318
Artic Productions LLC,10000000,1284646
Mandarin Films,0,1282740
Spanky Pictures,312000,1281176
Crab Apple Films,0,1268760
Holedigger Films,0,1266828
Esperanza Films Inc.,3000000,1264910
Management Company Entertainment Group (MCEG),0,1264009
Connection III Entertainment,0,1263945
ARP S�lection,0,1259573
Oliane Productions,0,1256355
SVT Drama,0,1253106
Keystone Family Pictures,4500000,1246237
AdScott Pictures,850000,1243961
Joe's Daughter,0,1237514
Audiovisual Aval SGR,3000000,1237457
Iblis Films,0,1228153
Ashutosh Gowariker Productions Pvt. Ltd.,0,1223240
Heritage Entertainment Inc.,0,1221366
FX Sound,1500000,1221261
Irish Film Board,0,1211865
White Lair,2500000,1189315
Mobra Films,0,1185783
Hyde Park Films,20000000,1183354
Initial Films,0,1182273
Revolution Films,0,1180214
Yari Film Group Releasing,13000000,1173673
Ulrich Seidl Film Produktion GmbH,0,1168902
JD Productions,0,1166199
S Films,0,1162653
SVS Films,0,1161135
Amber Entertainment,0,1161089
Califilm,0,1159578
Nordisk Film,0,1157033
Lambart Productions,0,1155800
Fireworks Pictures,0,1154932
JDI Productions,500000,1148752
Alter Ego Entertainment,700000,1141829
1+2 Seisaku Iinkai,0,1136776
Camberwell / Fly Films,0,1124786
Hollywood Road Films,0,1119368
Daly-Harris Productions,0,1111273
"Harvey Boys, The",4000000,1104682
Meir Teper,0,1102469
Big Easy Pictures,1000000,1100000
Longshot,0,1096843
Audley Films,7200000,1094798
The Swimming Company,0,1092911
Non-Stop Productions,0,1092800
FM Entertainment,0,1089000
Madhouse,0,1088469
NICE FLX Pictures,0,1083762
Filmax Group,5000000,1082715
Film Council,0,1080072
No� Productions,0,1059830
Class 5 Films,0,1059239
Hibiscus Films,0,1054638
An Olive Branch Productions,15000000,1039869
Some Film,0,1038959
Film Kraft,0,1037000
Boundscript,0,1035953
Film Science,0,1032942
Virgin Vision,0,1029447
Cocktail Film,7980000,1027121
Northern,0,1025762
Chinese Bookie Pictures,4500000,1025234
Sands,0,1025228
Prime Focus,0,1017335
Art Pictures Studio,30000000,1013945
Animal Kingdom,0,1010414
Cheap Date,0,1008404
Sixty Six Pictures,0,1007759
Best Brains,0,1007306
Path� International,0,1007088
Alic�l�o,0,1007001
Carnival Film & Television,0,1005714
Good Dog Productions LLC,0,1002175
Full Crew/Say Yea,800000,1001437
Apocalypso Pictures,0,992238
Acme Films Ltd.,200000,986314
Available Light Productions,0,986128
Artfire Films,2000000,974349
Iberville Productions,0,971561
Intermedia,25000000,969869
Lightstream Entertainment,12000000,969239
Rohfilm,0,968879
K�dansha,0,965428
Atlantis Films,0,953755
Majestic Films International,44000000,946148
AZ Films,0,938875
Lolafilms,0,938473
"Film Consortium, The",0,931755
Senator Film Produktion,0,927107
The Institute for the Intellectual Development of Children & Young Adults,180000,925402
Cineplex Odeon Films,0,923418
Prima Linea Productions,0,920057
Ima Films,0,917915
CJ Entertainment,16800000,903153
Emotion Pictures,10000000,902144
RAI Radiotelevisione Italiana,0,901364
Brown Sauce Film Productions,5000000,896993
Film Four International,0,894477
Desperate Pictures,22769,888284
Mindy Affrime,0,883973
British Film Institute (BFI),0,876497
Becker Films,0,871577
Blue Streak Films,700000,870751
Les Films 21,6000000,869325
Big Farm,0,857522
BCDF Pictures,0,857086
Ellendale Place,0,855810
Asahi National Broadcasting Company,0,853718
Produzioni Europee Associate (PEA),0,837623
Dreamz Unlimited,0,836225
FIT Productions,8000000,822246
Funny Boy Films,850000,819939
Gloria Sanchez Productions,0,814775
Sedic International,6000000,802524
Engine Film,0,801985
Demi-Monde Productions,130000,799674
20th Century Fox,0,785405
Bow and Arrow Entertainment,1500000,779820
RabbitBandini Productions,0,778605
Whitewater Films,500000,778447
Atlas,0,774048
Jet Tone Production,0,773726
Aim,1900000,763847
British Columbia Film Commission,0,759393
Hermetof Pictures,0,756452
120 Films,0,753501
Argos Films,23000000,752856
Alfama Films,20500000,743636
Panorama Studios,9400000,739478
Brandenberg,0,739104
Applause Bhansali Productions,0,733094
Mepris Films,4000000,732241
World of Wonder,5000000,728253
Magellan Pictures,2000000,725131
Cinequanon,0,725000
Bayerischer Rundfunk (BR),0,717736
First Floor Features,4500000,713413
B&W; Films,6000000,712391
Egg Films,3000000,707481
Arclightz and Films Pvt. Ltd.,0,702777
Alpilles Productions,0,700000
Access Motion Pictures,0,693181
Once Upon a Time Films,3000000,690966
Independent Film Channel (IFC),0,688510
FM Entertainment International N.V.,0,684351
Budapest St�di� V�llalat,0,682016
Marquis,0,681337
Broth Film,0,676167
CBS Entertainment Production,0,676166
Wayfare Entertainment,12000000,674621
Princes Films,0,673153
Mod Producciones,70000000,672574
Producers Representative Organization,4000000,670774
Richard Williams Productions,28000000,669276
New Real Films,0,667476
Banfilm,0,662341
Ealing Studios Entertainment,3000000,660994
Roadside Attractions,0,655647
Luna Pictures,500000,654132
Samuelson Productions,40000000,652526
Corsair Pictures,0,646890
Coup d'Etat Films,0,643557
Canal Plus,0,642000
Central Motion Pictures,15000000,641978
IMF Internationale Medien und Film GmbH & Co. Produktions KG,0,637769
Beaver Productions,30000000,632617
Automatik Entertainment,4000000,631370
Compagnie Eric Rohmer (CER),0,630092
Instituto Nacional de Cine y Artes Audiovisuales (INCAA),0,624153
"Culture Company, The",1000000,623791
Greisman Productions,38000000,623374
CNCAIMC,2000000,621392
Cage Productions,0,618178
Opala Productions,0,616663
Alliance Films Corporation,0,610488
Multicom Entertainment Group,0,610402
Maljack Productions,111000,609939
Bronze Eye Productions,250000,609524
Chase Films,20000000,607327
Egoli Tossell KLK,0,606989
Grace,0,601451
Fernando Trueba Producciones Cinematogr�ficas,24000000,592871
Brothers K Productions,0,586293
Numero Uno International,0,583979
Cam�ras Continentales,0,583800
Semtex Films,15000000,583455
New Crime Productions,10000000,580862
Applause Pictures,0,579543
Double Feature Films,18000000,579488
La Petite Reine,6000000,572211
Avi Chai fund,4000000,569381
Independent Film Centre,3520000,562187
Dogwood Films,0,558402
AXN,0,558342
American Playhouse Theatrical Films,5000000,555916
Deutsche Film (DEFA),0,553454
Extra Large Pictures,0,553368
Akira Committee Company Ltd.,0,553171
Lions Gate Entertainment,0,548039
Action Features,75000,546541
Behaviour Worldwide,0,546287
Cascade Films,0,544472
Joco,0,543091
Isabella Films B.V.,0,542860
Rondo Productions,0,537681
Populist Pictures,6500000,536023
Gemini Films,0,531888
Cracking the Earth Films Inc.,0,528972
AAMPI Inc.,11000000,527019
House & Moorhouse Films,0,524668
Beyond Films,0,522344
7 Films Cin�ma,0,519596
Cine Mosaic,0,519535
"Goatsingers, The",5000000,517872
Action Films,0,516517
Feature Film Enterprise II,0,516431
Cinema Group,1000000,514424
London Weekend Television (LWT),0,510712
Petit Film,0,508425
Timnick Films,0,506067
Pope Productions,500000,502313
Ren Film,0,502028
Cube Libre,0,501818
Charles Matthau-Jerry Tokofsky-John Davis Productions,8000000,493007
Hunter/MFG Production,0,492367
Stock Films International,0,491193
Star Overseas,10000000,488872
Rollins-Joffe Productions,10000000,486434
Cinemarque Entertainment,5000000,485772
Ferdos Films,150000,474047
Party Productions,150000,472370
Varney Productions,0,472340
Macfilm productions,0,471120
Boneyard Film Company Inc.,0,465417
Percy Main,0,464423
Republic Pictures (II),3000000,463171
Unity Pictures,0,458996
Marble Hall,0,456127
"Bureau, The",0,455459
Eurimages,0,454720
Aurora,0,449868
Jet Tone Films,12000000,449729
Kino Link Company,1000000,446934
Darko Entertainment,0,445061
erbp,50000,444098
Aaron Spelling Productions,0,441863
Dorset Productions,13000000,428868
ERBP,7000,424760
Continental Film Group Ltd.,0,422667
Alma UK Limited,12000000,419414
Woodline Productions,0,417517
Carson Productions,0,416393
Nippon Television Network (NTV),0,415941
BSM Studio,0,414623
CB Films,0,410109
They Are Going to Kill Us Productions,0,408719
Pierre Grise Productions,0,408571
Sheen Productions,0,407618
Fuller Films,1500000,406035
Skyscraper Films,0,405614
Columbia TriStar Home Video,2500000,405182
Panorama,0,402539
Inimitable Pictures,0,400654
Remstar Productions,0,398278
Tiny Ponies,65000,389804
Sailor Bear,0,387606
Sigma Film Productions,0,386329
"Last Picture Company, The",7000000,382946
Alta Films,0,378234
Bestboy Pictures,0,377271
Super Crispy Entertainment,500000,375981
Leeds/Ben-Ami Productions,0,375805
Col.Ima.Son,0,370698
Teton Films,0,370627
Vertigo Films,0,368438
Gray Daisy Films,10000000,365734
Bad Aaas Cinema,0,365727
Troma Entertainment,0,363561
Mosaic Film Group,0,358804
Castel Film Romania,0,357000
Alpha Filmes,0,356825
Abbas Kiarostami Productions,0,352173
Convy-Fimberg Productions,0,351623
"Australian Film Commission, The",0,351511
ADC Films,9000000,349618
Prospero Pictures,15000000,347648
Pierpoline Films,0,347578
Jackson Income Fund,5000000,346286
Baker Street,0,344095
38 Productions,800000,343229
Burn Later Productions,0,342936
Abbolita Productions,14400000,342010
Verisimilitude,0,334658
Gaylord Films,12000000,333976
Warp Films,0,333932
MMG Film & TV Production,0,332015
Jolly Russell Productions,0,331469
Albino Alligator Productions,5000000,326308
Pioneer LDC,3500000,325661
Lunar Films,12500000,323331
Campbell Grobman Films,0,320725
Bad Cop Bad Cop Film Productions,270000,318622
No Matter Pictures,1000000,316996
Haruki Kadokawa Films,42000000,307775
101st Street Films,0,306715
High Horse Films,0,306319
Alquimia Cinema,0,306224
REN-Mar Studios,2500000,305688
New Zealand Film Commission,0,304833
Monarchy Enterprises B.V.,0,303841
Fast Films,0,302393
Cit�-Am�rique,0,302365
Gruber Bros,3000000,302204
Svenska Filminstitutet (SFI),0,300653
Senator Entertainment Co,18000000,300000
Iberoamericana Films Internacional,0,299090
"Kushner-Locke Company, The",3000000,295493
Parallax Pictures,0,295444
Braunstein and Hamady Productions,0,294266
Global Entertainment Productions GmbH & Company Medien KG,10000000,292152
Eureka Pictures,5000000,292102
Joel Castleberg Productions,0,287752
Callender Company,0,287725
Paper Street Films,0,286753
Arena Films,0,283122
Forum Sarajevo,0,280015
RainCity Productions,0,279627
Cinemabrain,0,277813
Capital Equipment Leasing,8500000,277646
Griffon Productions,0,277405
Canadian Broadcasting Corporation (CBC),0,275000
Raajkamal Films International,0,274675
Crossfire Sound & Pictures,0,267109
New Oz Productions,1500000,265107
Antea Cinematografica,0,261718
Union G�n�rale Cin�matographique (UGC),0,259319
Sciarl�,9000000,259127
Crescent Moon,13000000,259019
Revelations Entertainment,25000000,258691
CLT,0,258464
The Lab of Madness,1066167,258113
In-Cine Compa��a Industrial Cinematogr�fica,5800000,257043
Mij Film Co.,0,256822
Kanzaman,0,256620
Anglo International Films,0,256521
Whenua Films,0,255179
BiBi Film,0,254224
Audifilm,4000000,253969
Filmkameratene A/S,0,252652
Barbarian Films,0,249590
La Sept-Arte,0,247606
Shoreline Entertainment,2500000,247141
A Bigger Boat,0,243390
Free Country U.S.A.,42000,241816
Kim Ki-Duk Film,1000000,238507
Caf� Film,0,237183
Gathsemane 84,0,235011
Digic Pictures,0,233569
Park-Schilling Productions Inc.,242000,233150
Gamechanger Films,0,231703
Sheen/Greenblatt Productions,0,229556
Anna Biller Productions,0,228894
Luna Films,0,228789
Les Films 13,0,227510
Mrs. White's Productions,0,225132
Reliance Big Pictures,0,223838
Green Parrot,3000000,222559
Norsk Film,0,221173
Eagle Film,0,221163
Hit Entertainment,0,220198
BC,0,218316
ArieScope Pictures,2300000,217873
Curzon Films,0,216373
Lakeshore International,0,215553
Hero Entertainment,13000000,214966
BR Petrobr�s,0,213954
Seattle Pacific Investments,0,212267
CJ Capital Investment,0,211667
Commies From Mars Corporation,1000000,210200
Compa��a Iberoamericana de TV,0,206952
7 Arts International,14000000,206128
Henan Film & TV Production Group Henan Film Studio,0,205675
Les Artistes Anonymes,0,205569
Brigade Productions,0,205507
Levins-Henenlotter,2500000,205068
Fons Rademakers Produktie,0,203781
Pandora Cinema,4500000,202571
Initial Film and Television,0,201468
Les Films Christian Fechner,0,201055
Alcove Entertainment,0,200268
Bank Street Films,0,198493
Millennial,0,197791
Gibraltar Entertainment,0,197343
Lucky 7 Productions LLC,12000000,195378
Skouras Pictures,0,192561
Dacia Films,0,191164
Cannon City Produktie Maatschappij B.V.,0,189042
DGS Productions,0,187920
Kick the Machine,0,183605
Six Entertainment,0,181467
Film Corporation of Kenya,0,181410
Dog Eat Dog Films,11000000,178104
Human Stew Factory,6000000,177680
Fantefilm,0,176637
Flying Heart Films,12000000,175370
Menuet Producties,0,175058
"Vista Organisation, The",0,169785
Media Asia Films,6428966,169659
ASK Eurofilm,0,169410
3B Productions,0,168018
Manitoba Film and Video Production Tax Credit,3800000,167723
Premiere Pictures Corporation,0,166635
T. Films,0,164187
Motlys,11000000,161789
Alberta Motion Picture Development Corporation,0,161323
United British Artists (UBA),0,159969
Aspen Film Society,11000000,157860
Slot Machine,0,157427
Ariztical Entertainment,50000,155212
BB Film Productions,0,155075
Belfilms,0,154790
Silent Night Releasing Corporation,100000,154323
Charlie Mopic,0,154264
Independent Pictures (II),3000000,153155
Forna Productions,0,152982
Savage Film,0,151840
Ukrainian State Film Agency,0,150564
Cave Painting Pictures,0,150372
2 Loop Films,500000,150277
Sidus FNH-Benex Cinema Fund 1,0,149757
Fringe Dwellers Productions,0,149440
Lynn-Davis Productions,0,145975
Green Diamond Entertainment,0,145450
Rick Lashbrook Films,3700000,144397
Olga Film GmbH,0,144065
Blockbuster Films,0,144008
Picture Palace North,0,142783
GP Pictures,0,142666
In-Gear Film,0,141864
Genre Pictures,600000,141626
M3 Alliance,0,141307
Typhoon,0,141072
Lucky Monkey Pictures,16000000,140909
Hoody Boy Productions,0,140779
Haft Entertainment,10000000,139692
Arthur Goldblatt Productions,0,139155
Erato Films,0,138720
Smart Egg Pictures,7000000,136203
Cannon Pictures Inc.,0,135004
Aramid Entertainment Fund,25000000,134904
"Thrill Me, Productions",0,130377
Barunson,10000000,128486
Softbank Ventures,0,128392
Deerjen Films,3750000,128092
Audax Films,800000,128002
Blurco,0,126321
Rosa Filmes,0,125651
New Amsterdam Entertainment,1000000,125397
Force 10 Productions (I),0,124880
Bay Kinescope,0,124693
HSX Films,2000000,124494
Six Entertainment Company,0,122890
Det Danske Filminstitut,0,122308
John Aaron Features II Inc.,0,121548
Les Films de la Strada,0,121390
Huit et Demi Productions,0,121166
True West Films,0,120620
Centre du Cin�ma et de l'Audiovisuel de la F�d�ration Wallonie-Bruxelles,0,119919
Silver Reel,0,118483
Magic Light Pictures,8000000,117190
Athanor,0,116710
Bonkers,0,115983
Zeta Entertainment,800000,114516
Payam Films,0,114183
Goodtimes Entertainment,0,113484
Aljosha,0,112560
Rex Entertainment,0,112536
Boo Productions,0,110248
Lleju Productions,4500000,108229
Miracle Pictures,210000,107352
Chapter 2,17000000,106869
Dreamlab,0,106662
Cuba Pictures,0,106368
Centre National de la Cin�matographie (CNC),0,104533
Park Pictures,1000000,104401
Irish Screen,0,104257
Robbins Entertainment,0,103874
10th Hole Productions,4500000,103280
4k Films,0,103215
Upside Down Films,60000000,102118
Company Films,12000000,101882
Blank of the Dead Productions,4000000,101740
MPI Media Group,900000,100659
China Film Group,25000000,100144
Globo Filmes,0,100119
8383 Productions,0,99770
Wytw�rnia Film�w Dokumentalnych i Fabularnych (WFDiF),0,98818
Realitism Films,500000,98017
Bruin Grip Services,8000000,97337
Kang Je-Kyu Film Co. Ltd.,5000000,97152
Claussen & W�bke Filmproduktion GmbH,0,95016
Better Than,0,94940
C.E.O. Films,0,94633
Red Carpet Productions,0,92214
Terra Incognita Films,0,89182
Lagniappe Films,0,88460
Cre Film,0,87910
IndieVest Pictures,0,86796
Antena 3 Films,13000000,86731
Secret Handshake Entertainment,0,85789
Paco Cinematografica,0,85433
BSB,0,85395
"Princess Grace Foundation, The",6000000,83861
Archimede,0,80809
Werner Herzog Filmproduktion,0,80636
Hardstyle,0,80015
Mandragora,500000,79943
Chroma III Productions,0,78068
B.A. Produktion,0,77848
Dark Sky Films,750000,77501
Derrick Comedy Productions,0,77126
France 3 Cin�ma,0,76882
Neue Deutsche Filmgesellschaft (NDF),0,76875
High Bar Productions,3000000,76325
Clear Productions,0,75868
Agenda,3300000,74188
Sparkle Roll Media,65000000,74068
Director's Cut,0,72762
Everything Is Everything,0,72622
Cecchi Gori Europa N.V.,10000000,72495
Milk & Media,2900000,72140
GMT Productions,0,72100
Plump Fiction LLC,0,71145
Michael De Luca Productions,0,70931
Eulogy Productions LLC,6500000,70527
Manic LLC,0,69716
Glen Echo Entertainment,0,69136
Bellanova Films,50000,68877
AM/PM Entertainment,16000000,67878
Oscilloscope,6500000,66637
Breakheart Films,0,65682
Raffaella Productions,6000000,64562
Action Communications,0,63860
Mifilifilms,0,62985
Rommel Film,0,59437
Big Screen Entertainment Group,0,58116
Carrie Productions Inc.,0,57115
Chromewood Productions,0,56129
National Lampoon Productions,0,56127
Aura Films,0,56103
SpectreVision,0,55749
Peace Arch Entertainment Group,0,55704
"Klockworx, The",0,54419
Higgins-Messick-Wayne,0,54154
GEA Cinematogr�fica,0,52148
EMA Films,0,50000
El Camino Pictures,6800000,49526
Prettybird,250000,49494
Paradox,0,49284
Daiei Eiga,0,49046
XYZ Films,0,48949
Cinedigm,0,48817
Next Wave Films,6000,48482
Stacey Testro International,500000,48430
A-Team,3800000,48034
Adelaide Motion Picture Company,0,47687
Historias Cinematograficas Cinemania,0,46011
Soft Tread Enterprises,0,45650
Blackwater Films,1000000,44785
Michael Ritchie Productions,10000000,44757
Film Finance,0,44720
Warp X,0,44675
Insight Film Releasing,3500000,44462
The Noel Gay Motion Picture Company,0,43865
Animal Productions LLC,3600000,43805
Larco Productions,2500000,43749
Euforia Film,800000,41709
Spierigfilm,0,41196
Forensic Films,0,40677
Dash Films,0,40601
Sobras International Pictures,2000000,40179
Unclaimed Freight Productions,5000000,40040
Enlightenment Productions,0,39373
93 Films,0,38361
Karbo Vantas Entertainment,2600000,38108
Minist�re de la Culture et de la Communication,0,37455
Unified Pictures,5000000,37440
"State Hermitage Museum, The",0,37439
G4 Productions,0,37047
Filmax,12000000,36739
Niama Film,0,36569
Berk/Lane Entertainment,6000000,36497
Shooting Script Films,8000000,35070
Chaz Productions,0,35034
Homegreen Films,0,34720
Steel Mill Pictures,5000000,34321
Mid Day Multimedia Limited,0,34000
Davis Entertainment Classics,0,33556
Cinephile,0,33308
Cobalt Media Group,6800000,33225
Cinema 7,0,32925
Rook Films,1000000,32630
Autonomous Films,25000000,32409
AAR Films,0,32279
Freedom Media,16000000,32095
Gilbert Films,0,30921
Sunshine,0,30890
Mindfire Entertainment,0,30229
Moonstone Entertainment,0,30181
Haos Film,0,29768
Tommy,11000000,29296
Above All Things Inc.,0,29058
Wong Jing's Workshop Ltd.,0,28676
Siempre Viva Productions,0,28368
Purple Pictures,9000000,27696
Indeed films,0,27578
Lago Film,3500000,27349
Screen NSW,0,26376
Underdog Productions,0,26347
International West Pictures (IWP),0,26300
Borderline Presents,0,25981
BMG Funhouse,0,25521
Catfish Productions,0,25517
13 Productions,0,25461
Amasia Entertainment,8000000,25369
Left Turn Films,0,24942
Cargo Entertainment,0,23840
Appledown Films Inc.,0,23107
Poultry Productions LLC,500000,23000
TS Productions,0,22490
Herrick Entertainment,10000000,22197
Instinctive Film,3000000,22000
WT2 Productions,0,21864
"Collective Studios, The",0,21833
Magnet Releasing,0,21660
Dove Audio,0,21647
Les Films Plain Chant,0,21483
Andell Entertainment,1000000,21210
Bootmen Productions (Hilary Linstead-Dein Perry),0,21172
Myung Film Company Ltd.,1000000,21075
Hughes House Film,0,20960
France 2 Cin�ma,0,20838
Bloom,25000000,20083
Paris Film,0,19980
Lookout Films,0,19853
Aleph Producciones S.A.,0,19710
Les Films du Lendemain,0,19327
Enderby Entertainment,10500000,19218
Mercury Films,0,19140
ApolloProMedia GmbH & Co. 1. Filmproduktion KG (I),15000000,19067
Braveart Films,0,19025
Glass Eye Pix,650000,18469
Head Gear Films,0,18238
Asian Union Film & Entertainment,0,18223
Embassy Pictures,0,18209
Bingo Movie Development,0,18058
Bombshell Pictures,0,17365
Magic Violet,8000000,17186
Subzero Film Entertainment,0,16909
Solar Films,0,16239
Apartment Two,0,15600
Absolute Entertainment (II),21000000,15593
Good Dick,0,15542
Good Folk Films,0,15374
Moviola Film och Television AB,0,15280
Chango Productions,120000,14904
Canyon Creek Films,0,14893
Curb Entertainment,0,14811
Changing Film Productions,130000,13557
City Lights Pictures,0,13361
Solaris,500000,13134
Titan Productions,75000,13133
Allegro Film,0,13031
Picture Farm,0,13023
WhiteFlame Productions,6000000,11766
Greenlight Productions,0,11690
Gato Negro Films,0,10822
Foresight Unlimited,21500000,10636
Sharmhill Productions,0,10468
Amour Fou Filmproduktion,0,10205
Sonet Film AB,0,9910
GNK Productions,1000000,9837
Paragraph Pictures,0,9222
Fewlas Entertainment,1000000,9168
RADiUS-TWC,4000000,9134
HK Film Corporation,6000000,9122
Esperanto Filmoj,0,9074
Aristar Entertainment,0,8834
In-Gear Film Production,0,8440
Armory Films,0,8163
Enrique Cerezo Producciones Cinematogr�ficas S.A.,0,8139
New Artists Alliance,0,8129
Zazen Produ��es,4000000,8060
Carver Films,2000000,8012
MediaPro Pictures,0,7973
Professor Bright Films,20000,7221
Harbinger Pictures,0,6537
Cinema Service,0,6460
Garbus Kroupa Entertainment,1200000,6319
CoBo Fonds,0,6140
Rollercoaster Films,0,5824
Tartan Films,0,5708
Gordon Bijelonic / Datari Turner Films,5000000,5565
Annapurna Productions,15000000,5556
"Safran Company, The",12000000,5386
Meltdown Productions,0,5274
Varient,0,5249
Tax Credit Finance,3000000,5005
Balboa Entertainment,0,4440
POP Films,0,4267
BoulderLight Pictures,0,4105
M&M; Productions,0,3788
Tenafly Film Company,0,3676
Pan Europ�enne,47000000,3600
Ponty Up Pictures,1500000,3478
Empire Pictures (II),2000000,3331
Buena Vista International Film Production (Germany),0,3296
Yari Film Group (YFG),11500000,3045
Kanoon,0,2670
La Parti Productions,0,2623
Glamour Films,0,2567
Copperheart Entertainment,5000000,2554
Kaijyu Theater,0,2550
Coproduction Office,0,2303
MM Productions,0,2254
Imprint Entertainment,0,2137
Bandai Media Department,0,1960
Daiei Motion Picture Company,0,1841
Cinema Libre Studio,0,1808
Wiseau-Films,6000000,1800
Middle Fork Productions,10000000,1785
H2O Motion Pictures,12000000,1744
Santa Monica Holdings,500000,1434
Parallel Film Productions,0,828
Zentropa International Norway,0,547
Isle of Man Film,0,542
Daybreak,15000000,309
Magic Lantern,0,70
